Model,Accuracy,AUC,Precision,Recall,F1,MCC
Logistic Regression,0.9736842105263158,0.99737962659679,0.9761904761904762,0.9534883720930233,0.9647058823529412,0.9438975339262832
Decision Tree,0.9473684210526315,0.9439895185063871,0.9302325581395349,0.9302325581395349,0.9302325581395349,0.8879790370127744
kNN,0.9473684210526315,0.9819849328529314,0.9302325581395349,0.9302325581395349,0.9302325581395349,0.8879790370127744
Naive Bayes,0.9649122807017544,0.99737962659679,0.975609756097561,0.9302325581395349,0.9523809523809523,0.9252853920667758
Random Forest,0.9649122807017544,0.995250573206682,0.975609756097561,0.9302325581395349,0.9523809523809523,0.9252853920667758
XGBoost,0.956140350877193,0.9908286930887651,0.9523809523809523,0.9302325581395349,0.9411764705882353,0.9063785942932301
